{
  "global_keywords": [
    [
      "c",
      0.13372464290360914
    ],
    [
      "ta",
      0.1328381265339632
    ],
    [
      "svoj",
      0.12925475577353143
    ],
    [
      "ura",
      0.1263279491778646
    ],
    [
      "m",
      0.12125670573892582
    ],
    [
      "šola",
      0.10881743782855811
    ],
    [
      "narod",
      0.10233998673914971
    ],
    [
      "t",
      0.10020107329744235
    ],
    [
      "september",
      0.09237793353335337
    ],
    [
      "rešiti",
      0.08840623754063703
    ],
    [
      "nov",
      0.08583346106234623
    ],
    [
      "še",
      0.08313097785167853
    ],
    [
      "k",
      0.07913963688575405
    ],
    [
      "biti",
      0.07537669636582946
    ],
    [
      "odbor",
      0.07484357515998706
    ],
    [
      "san",
      0.07293189957965215
    ],
    [
      "otrok",
      0.07274235677266022
    ],
    [
      "popoluden",
      0.07271737975417408
    ],
    [
      "društvo",
      0.07247900281067227
    ],
    [
      "znašati",
      0.0696872013247789
    ]
  ],
  "vocabulary_size": 100,
  "n_articles": 7,
  "n_features": 100
}