{
  "global_keywords": [
    [
      "a",
      0.07565821194883657
    ],
    [
      "prezzo",
      0.059514886902746256
    ],
    [
      "roma",
      0.05665380476770837
    ],
    [
      "n",
      0.05600033043755527
    ],
    [
      "tedesco",
      0.04628626703657908
    ],
    [
      "i",
      0.04215568230829032
    ],
    [
      "recare",
      0.04125486306851015
    ],
    [
      "società",
      0.04117777814214441
    ],
    [
      "venire",
      0.039727401050237955
    ],
    [
      "il",
      0.03946946362585959
    ],
    [
      "piazza",
      0.03920131283141242
    ],
    [
      "ministero",
      0.03831015973208319
    ],
    [
      "s",
      0.03815542771977293
    ],
    [
      "fare",
      0.037617301297742135
    ],
    [
      "si",
      0.03695074863076612
    ],
    [
      "congresso",
      0.03527604204456929
    ],
    [
      "italiano",
      0.03511431261530145
    ],
    [
      "chiedere",
      0.03408646509482069
    ],
    [
      "dare",
      0.03345730588088096
    ],
    [
      "russo",
      0.03324526548515353
    ]
  ],
  "vocabulary_size": 100,
  "n_articles": 59,
  "n_features": 100
}